id,group_id
1,2
2,2
3,2
4,1
5,1
6,2
7,2
8,2
9,2
10,3
11,3
12,1
13,1
14,1
15,1
16,1
17,2
18,2
19,2
20,2
21,3
22,3
23,7
24,7
25,7
26,7
27,8
28,8
29,8
30,8
31,11
32,12
33,12
34,7
35,7
36,7
37,7
38,8
39,8
40,8
41,8
42,10
43,10
44,11
45,11
46,11
47,11
48,11
49,12
50,12
51,4
52,5
53,5
54,5
55,5
56,7
57,7
58,7
59,7
60,8
61,8
62,8
63,8
64,9
65,9
66,10
67,10
68,10
69,10
70,11
71,11
72,11
73,11
74,12
75,12
76,12
77,12
78,4
79,4
80,5
81,5
82,5
83,5
84,6
85,6
86,7
87,7
88,7
89,7
90,8
91,8
92,8
93,8
94,9
95,9
96,9
97,9
98,10
99,10
100,10
101,10
102,11
103,11
104,11
105,11
106,12
107,12
108,12
109,12
110,13
111,13
112,14
113,14
114,14
115,14
116,15
117,15
118,15
119,15
120,15
121,16
122,16
123,16
124,8
125,17
126,17
127,17
128,17
129,18
130,18
131,18
132,19
133,19
134,19
135,20
136,20
137,20
138,20
139,21
140,21
141,21
142,21
143,22
144,13
145,13
146,13
147,14
148,14
149,14
150,14
151,15
152,15
153,15
154,15
155,16
156,16
157,8
158,8
159,17
160,17
161,17
162,17
163,18
164,18
165,18
166,18
167,19
168,19
169,20
170,20
171,20
172,20
173,21
174,21
175,21
176,21
177,22
178,22
179,13
180,13
181,13
182,14
183,14
184,14
185,14
186,15
187,15
188,15
189,15
190,16
191,16
192,16
193,17
194,17
195,17
196,17
197,17
198,18
199,18
200,18
201,18
202,19
203,19
204,19
205,20
206,20
207,20
208,21
209,21
210,21
211,21
212,22
213,22
214,22
215,22
216,23
217,23
218,13
219,13
220,14
221,14
222,14
223,14
224,15
225,15
226,15
227,15
228,16
229,16
230,16
231,17
232,17
233,17
234,17
235,17
236,18
237,18
238,18
239,18
240,19
241,19
242,19
243,20
244,20
245,20
246,21
247,21
248,21
249,21
250,22
251,22
252,22
253,22
254,23
255,23
256,23
257,23
258,23
259,13
260,13
261,14
262,14
263,25
264,25
265,15
266,15
267,26
268,27
269,16
270,16
271,17
272,17
273,17
274,17
275,28
276,28
277,18
278,18
279,29
280,29
281,19
282,19
283,20
284,31
285,20
286,20
287,32
288,32
289,21
290,21
291,33
292,33
293,22
294,22
295,34
296,34
297,23
298,23
299,35
300,35
301,24
302,24
303,25
304,25
305,25
306,25
307,26
308,26
309,26
310,27
311,27
312,27
313,28
314,28
315,28
316,28
317,28
318,28
319,29
320,29
321,29
322,29
323,30
324,30
325,31
326,31
327,31
328,31
329,32
330,32
331,32
332,32
333,33
334,33
335,33
336,33
337,34
338,34
339,34
340,34
341,35
342,35
343,35
344,24
345,24
346,25
347,25
348,25
349,25
350,26
351,26
352,26
353,26
354,27
355,27
356,27
357,28
358,28
359,28
360,28
361,28
362,29
363,29
364,29
365,29
366,30
367,30
368,30
369,30
370,31
371,31
372,32
373,32
374,32
375,32
376,33
377,33
378,33
379,33
380,34
381,34
382,34
383,34
384,35
385,35
386,35
387,24
388,24
389,24
390,25
391,25
392,25
393,25
394,26
395,26
396,26
397,26
398,27
399,27
400,27
401,28
402,28
403,28
404,28
405,28
406,29
407,29
408,29
409,29
410,30
411,30
412,30
413,30
414,31
415,31
416,32
417,32
418,32
419,32
420,33
421,33
422,33
423,33
424,34
425,34
426,34
427,34
428,35
429,35
430,35
431,24
432,24
433,24
434,37
435,24
436,25
437,25
438,25
439,25
440,26
441,26
442,39
443,40
444,27
445,27
446,40
447,41
448,28
449,28
450,28
451,28
452,29
453,29
454,42
455,42
456,30
457,30
458,43
459,43
460,31
461,31
462,45
463,45
464,32
465,32
466,33
467,33
468,33
469,33
470,47
471,47
472,34
473,34
474,47
475,35
476,36
477,36
478,36
479,37
480,37
481,37
482,37
483,38
484,38
485,38
486,38
487,39
488,39
489,39
490,40
491,40
492,40
493,40
494,41
495,41
496,41
497,41
498,41
499,42
500,42
501,42
502,42
503,43
504,43
505,43
506,43
507,44
508,44
509,45
510,45
511,45
512,45
513,46
514,46
515,46
516,46
517,47
518,47
519,47
520,47
521,47
522,36
523,36
524,36
525,36
526,37
527,37
528,37
529,37
530,38
531,38
532,38
533,38
534,39
535,39
536,39
537,40
538,40
539,40
540,40
541,40
542,41
543,41
544,41
545,41
546,42
547,42
548,42
549,42
550,43
551,43
552,43
553,43
554,44
555,44
556,45
557,45
558,45
559,45
560,46
561,46
562,46
563,46
564,47
565,47
566,47
567,47
568,36
569,36
570,36
571,36
572,37
573,37
574,37
575,37
576,38
577,38
578,38
579,38
580,39
581,39
582,39
583,40
584,40
585,40
586,40
587,40
588,41
589,41
590,41
591,41
592,42
593,42
594,42
595,42
596,43
597,43
598,43
599,43
600,44
601,44
602,45
603,45
604,45
605,45
606,46
607,46
608,46
609,46
610,48
611,36
612,36
613,48
614,49
615,37
616,37
617,49
618,49
619,38
620,38
621,50
622,50
623,39
624,39
625,51
626,40
627,40
628,40
629,52
630,52
631,41
632,41
633,41
634,53
635,42
636,42
637,42
638,42
639,43
640,43
641,44
642,56
643,44
644,44
645,45
646,45
647,45
648,45
649,58
650,58
651,46
652,46
653,48
654,48
655,48
656,48
657,48
658,49
659,49
660,49
661,49
662,50
663,50
664,50
665,50
666,51
667,51
668,51
669,51
670,52
671,52
672,52
673,52
674,53
675,53
676,53
677,53
678,54
679,54
680,54
681,54
682,55
683,55
684,56
685,56
686,56
687,56
688,57
689,57
690,57
691,57
692,58
693,58
694,58
695,58
696,48
697,48
698,48
699,48
700,48
701,49
702,49
703,49
704,49
705,50
706,50
707,50
708,50
709,51
710,51
711,51
712,51
713,52
714,52
715,52
716,52
717,53
718,53
719,53
720,53
721,54
722,54
723,54
724,54
725,55
726,55
727,55
728,56
729,56
730,56
731,57
732,57
733,57
734,57
735,58
736,58
737,58
738,48
739,48
740,48
741,48
742,48
743,49
744,49
745,49
746,49
747,50
748,50
749,50
750,50
751,51
752,51
753,51
754,51
755,52
756,52
757,52
758,52
759,53
760,53
761,53
762,53
763,54
764,54
765,54
766,54
767,55
768,55
769,55
770,56
771,56
772,56
773,57
774,57
775,57
776,57
777,58
778,58
779,58
780,48
781,48
782,59
783,60
784,49
785,49
786,60
787,49
788,50
789,50
790,61
791,61
792,51
793,51
794,63
795,51
796,52
797,52
798,63
799,63
800,53
801,53
802,53
803,53
804,54
805,54
806,65
807,65
808,55
809,55
810,56
811,56
812,56
813,56
814,57
815,57
816,57
817,57
818,58
819,58
820,59
821,59
822,59
823,59
824,60
825,60
826,60
827,60
828,61
829,61
830,61
831,61
832,62
833,62
834,63
835,63
836,63
837,63
838,63
839,63
840,64
841,64
842,64
843,64
844,65
845,65
846,65
847,65
848,66
849,66
850,66
851,66
852,67
853,67
854,68
855,68
856,68
857,68
858,68
859,59
860,59
861,60
862,60
863,60
864,60
865,61
866,61
867,61
868,62
869,62
870,63
871,63
872,63
873,63
874,63
875,64
876,64
877,64
878,64
879,65
880,65
881,65
882,65
883,66
884,66
885,66
886,66
887,67
888,67
889,68
890,68
891,68
892,68
893,60
894,60
895,60
896,60
897,61
898,61
899,62
900,62
901,63
902,63
903,63
904,63
905,63
906,64
907,64
908,64
909,64
910,65
911,65
912,65
913,65
914,66
915,66
916,66
917,66
918,67
919,67
920,68
921,68
922,68
923,68
924,62
925,63
926,63
927,63
928,63
929,70
930,70
931,64
932,64
933,64
934,64
935,65
936,65
937,65
938,65
939,66
940,66
941,66
942,66
943,67
944,67
945,75
946,75
947,68
948,69
949,63
950,63
951,70
952,70
953,70
954,70
955,71
956,71
957,71
958,71
959,72
960,72
961,72
962,72
963,73
964,73
965,73
966,73
967,74
968,74
969,75
970,75
971,75
972,69
973,70
974,70
975,70
976,70
977,70
978,71
979,71
980,71
981,72
982,72
983,72
984,72
985,73
986,73
987,73
988,73
989,74
990,74
991,75
992,75
993,75
994,70
995,70
996,70
997,71
998,71
999,71
1000,72
1001,72
1002,72
1003,73
1004,73
1005,73
1006,73
1007,74
1008,74
1009,75
1010,75
1011,71
1012,71
1013,71
1014,72
1015,72
1016,73
1017,78
1018,74
1019,74
1020,76
1021,76
1022,76
1023,77
1024,72
1025,72
1026,76
1027,76
1028,76
1029,77
1030,77
1031,77
1032,77
1033,76
1034,76
1035,76
1036,77
1037,77
1038,77
1039,76
1040,76
1041,76
1042,77
1043,77
